{
  "IcoMoonType": "selection",
  "icons": [
    {
      "icon": {
        "paths": [
          "M64 512h877.715",
          "M557.719 128l384.003 384-384.003 384"
        ],
        "attrs": [
          {
            "fill": "none",
            "stroke": "rgb(255, 255, 255)",
            "strokeLinejoin": "round",
            "strokeLinecap": "round",
            "strokeMiterlimit": "4",
            "strokeWidth": 128
          },
          {
            "fill": "none",
            "stroke": "rgb(255, 255, 255)",
            "strokeLinejoin": "round",
            "strokeLinecap": "round",
            "strokeMiterlimit": "4",
            "strokeWidth": 128
          }
        ],
        "isMulticolor": false,
        "isMulticolor2": false,
        "grid": 16,
        "tags": [
          "arrow"
        ],
        "colorPermutations": {
          "155155155118118118112002002001228228228125513313312552552551": [
            {
              "s": 5
            },
            {
              "s": 5
            }
          ]
        }
      },
      "attrs": [
        {
          "fill": "none",
          "stroke": "rgb(255, 255, 255)",
          "strokeLinejoin": "round",
          "strokeLinecap": "round",
          "strokeMiterlimit": "4",
          "strokeWidth": 128
        },
        {
          "fill": "none",
          "stroke": "rgb(255, 255, 255)",
          "strokeLinejoin": "round",
          "strokeLinecap": "round",
          "strokeMiterlimit": "4",
          "strokeWidth": 128
        }
      ],
      "properties": {
        "order": 7,
        "id": 502,
        "name": "arrow",
        "prevSize": 32
      },
      "setIdx": 0,
      "setId": 1,
      "iconIdx": 0
    },
    {
      "icon": {
        "paths": [
          "M941.722 512h-877.717",
          "M448 896l-384-384 384-384"
        ],
        "attrs": [
          {
            "fill": "none",
            "stroke": "rgb(255, 255, 255)",
            "strokeLinejoin": "round",
            "strokeLinecap": "round",
            "strokeMiterlimit": "4",
            "strokeWidth": 128
          },
          {
            "fill": "none",
            "stroke": "rgb(255, 255, 255)",
            "strokeLinejoin": "round",
            "strokeLinecap": "round",
            "strokeMiterlimit": "4",
            "strokeWidth": 128
          }
        ],
        "isMulticolor": false,
        "isMulticolor2": false,
        "grid": 16,
        "tags": [
          "arrow-back"
        ],
        "colorPermutations": {
          "155155155118118118112002002001228228228125513313312552552551": [
            {
              "s": 5
            },
            {
              "s": 5
            }
          ]
        }
      },
      "attrs": [
        {
          "fill": "none",
          "stroke": "rgb(255, 255, 255)",
          "strokeLinejoin": "round",
          "strokeLinecap": "round",
          "strokeMiterlimit": "4",
          "strokeWidth": 128
        },
        {
          "fill": "none",
          "stroke": "rgb(255, 255, 255)",
          "strokeLinejoin": "round",
          "strokeLinecap": "round",
          "strokeMiterlimit": "4",
          "strokeWidth": 128
        }
      ],
      "properties": {
        "order": 8,
        "id": 501,
        "name": "arrow-back",
        "prevSize": 32
      },
      "setIdx": 0,
      "setId": 1,
      "iconIdx": 1
    },
    {
      "icon": {
        "paths": [
          "M386.329 930.908c23.136 0 41.891-18.755 41.891-41.892 0-23.132-18.755-41.887-41.891-41.887s-41.891 18.755-41.891 41.887c0 23.137 18.756 41.892 41.891 41.892z",
          "M847.13 930.908c23.132 0 41.892-18.755 41.892-41.892 0-23.132-18.76-41.887-41.892-41.887-23.137 0-41.892 18.755-41.892 41.887 0 23.137 18.755 41.892 41.892 41.892z",
          "M51.2 51.2h167.564l112.267 560.922c3.831 19.282 14.323 36.608 29.64 48.937 15.316 12.334 34.482 18.883 54.142 18.504h407.177c19.661 0.379 38.83-6.17 54.144-18.504 15.319-12.329 25.81-29.655 29.64-48.937l67.026-351.467h-712.145"
        ],
        "attrs": [
          {
            "fill": "none",
            "stroke": "rgb(155, 155, 155)",
            "strokeLinejoin": "round",
            "strokeLinecap": "round",
            "strokeMiterlimit": "4",
            "strokeWidth": 102.4
          },
          {
            "fill": "none",
            "stroke": "rgb(155, 155, 155)",
            "strokeLinejoin": "round",
            "strokeLinecap": "round",
            "strokeMiterlimit": "4",
            "strokeWidth": 102.4
          },
          {
            "fill": "none",
            "stroke": "rgb(155, 155, 155)",
            "strokeLinejoin": "round",
            "strokeLinecap": "round",
            "strokeMiterlimit": "4",
            "strokeWidth": 102.4
          }
        ],
        "isMulticolor": false,
        "isMulticolor2": false,
        "grid": 16,
        "tags": [
          "card"
        ],
        "colorPermutations": {
          "155155155118118118112002002001228228228125513313312552552551": [
            {
              "s": 0
            },
            {
              "s": 0
            },
            {
              "s": 0
            }
          ]
        }
      },
      "attrs": [
        {
          "fill": "none",
          "stroke": "rgb(155, 155, 155)",
          "strokeLinejoin": "round",
          "strokeLinecap": "round",
          "strokeMiterlimit": "4",
          "strokeWidth": 102.4
        },
        {
          "fill": "none",
          "stroke": "rgb(155, 155, 155)",
          "strokeLinejoin": "round",
          "strokeLinecap": "round",
          "strokeMiterlimit": "4",
          "strokeWidth": 102.4
        },
        {
          "fill": "none",
          "stroke": "rgb(155, 155, 155)",
          "strokeLinejoin": "round",
          "strokeLinecap": "round",
          "strokeMiterlimit": "4",
          "strokeWidth": 102.4
        }
      ],
      "properties": {
        "order": 9,
        "id": 500,
        "name": "card",
        "prevSize": 32
      },
      "setIdx": 0,
      "setId": 1,
      "iconIdx": 2
    },
    {
      "icon": {
        "paths": [
          "M824.038 95.632c15.587-15.732 36.77-24.655 58.914-24.818s43.452 8.446 59.264 23.947c15.821 15.501 24.858 36.632 25.139 58.776s-8.209 43.5-23.62 59.4l-446.011 557.568c-7.662 8.249-16.909 14.87-27.186 19.467s-21.376 7.076-32.633 7.288c-11.256 0.212-22.441-1.846-32.885-6.052s-19.933-10.474-27.901-18.429l-295.708-295.595c-15.714-15.721-24.539-37.041-24.534-59.269s8.841-43.545 24.562-59.259c15.722-15.713 37.041-24.538 59.27-24.533s43.544 8.841 59.258 24.562l233.871 233.927 387.982-494.364c0.706-0.899 1.465-1.754 2.276-2.56l-0.057-0.057z"
        ],
        "attrs": [
          {
            "fill": "rgb(255, 255, 255)"
          }
        ],
        "isMulticolor": false,
        "isMulticolor2": false,
        "grid": 16,
        "tags": [
          "check"
        ],
        "colorPermutations": {
          "155155155118118118112002002001228228228125513313312552552551": [
            {
              "f": 5
            }
          ]
        }
      },
      "attrs": [
        {
          "fill": "rgb(255, 255, 255)"
        }
      ],
      "properties": {
        "order": 10,
        "id": 499,
        "name": "check",
        "prevSize": 32
      },
      "setIdx": 0,
      "setId": 1,
      "iconIdx": 3
    },
    {
      "icon": {
        "paths": [
          "M298.667 85.333l426.667 426.667-426.667 426.667"
        ],
        "attrs": [
          {
            "fill": "none",
            "stroke": "rgb(200, 200, 200)",
            "strokeLinejoin": "round",
            "strokeLinecap": "round",
            "strokeMiterlimit": "4",
            "strokeWidth": 128
          }
        ],
        "isMulticolor": false,
        "isMulticolor2": false,
        "grid": 16,
        "tags": [
          "r-arrow"
        ],
        "colorPermutations": {
          "155155155118118118112002002001228228228125513313312552552551": [
            {
              "s": 3
            }
          ]
        }
      },
      "attrs": [
        {
          "fill": "none",
          "stroke": "rgb(200, 200, 200)",
          "strokeLinejoin": "round",
          "strokeLinecap": "round",
          "strokeMiterlimit": "4",
          "strokeWidth": 128
        }
      ],
      "properties": {
        "order": 11,
        "id": 498,
        "name": "r-arrow",
        "prevSize": 32
      },
      "setIdx": 0,
      "setId": 1,
      "iconIdx": 4
    },
    {
      "icon": {
        "paths": [
          "M995.663 254.164c-15.251-35.042-37.239-66.797-64.744-93.486-27.525-26.769-59.972-48.043-95.587-62.663-36.925-15.221-76.534-23.011-116.518-22.92-56.1 0-110.834 15.242-158.398 44.034-11.379 6.887-22.189 14.452-32.43 22.695-10.241-8.243-21.051-15.807-32.431-22.695-47.564-28.791-102.298-44.034-158.396-44.034-40.396 0-79.54 7.678-116.522 22.92-35.731 14.678-67.934 35.791-95.585 62.663-27.537 26.659-49.536 58.422-64.747 93.486-15.817 36.469-23.896 75.196-23.896 115.052 0 37.598 7.738 76.777 23.1 116.633 12.858 33.307 31.292 67.856 54.847 102.745 37.323 55.211 88.643 112.794 152.366 171.166 105.598 96.761 210.172 163.601 214.61 166.311l26.968 17.162c11.948 7.564 27.31 7.564 39.258 0l26.968-17.162c4.438-2.819 108.899-69.55 214.61-166.311 63.72-58.373 115.043-115.955 152.364-171.166 23.559-34.888 42.107-69.437 54.845-102.745 15.367-39.856 23.101-79.035 23.101-116.633 0.116-39.856-7.967-78.583-23.784-115.052z"
        ],
        "attrs": [
          {
            "fill": "rgb(255, 133, 133)"
          }
        ],
        "isMulticolor": false,
        "isMulticolor2": false,
        "grid": 16,
        "tags": [
          "red-heart"
        ],
        "colorPermutations": {
          "155155155118118118112002002001228228228125513313312552552551": [
            {
              "f": 2
            }
          ]
        }
      },
      "attrs": [
        {
          "fill": "rgb(255, 133, 133)"
        }
      ],
      "properties": {
        "order": 12,
        "id": 497,
        "name": "red-heart",
        "prevSize": 32
      },
      "setIdx": 0,
      "setId": 1,
      "iconIdx": 5
    },
    {
      "icon": {
        "paths": [
          "M386.329 930.908c23.136 0 41.891-18.755 41.891-41.892 0-23.132-18.755-41.887-41.891-41.887s-41.891 18.755-41.891 41.887c0 23.137 18.756 41.892 41.891 41.892z",
          "M847.13 930.908c23.132 0 41.892-18.755 41.892-41.892 0-23.132-18.76-41.887-41.892-41.887-23.137 0-41.892 18.755-41.892 41.887 0 23.137 18.755 41.892 41.892 41.892z",
          "M51.2 51.2h167.564l112.267 560.922c3.831 19.282 14.323 36.608 29.64 48.937 15.316 12.334 34.482 18.883 54.142 18.504h407.177c19.661 0.379 38.83-6.17 54.144-18.504 15.319-12.329 25.81-29.655 29.64-48.937l67.026-351.467h-712.145"
        ],
        "attrs": [
          {
            "fill": "none",
            "stroke": "rgb(155, 155, 155)",
            "strokeLinejoin": "round",
            "strokeLinecap": "round",
            "strokeMiterlimit": "4",
            "strokeWidth": 102.4
          },
          {
            "fill": "none",
            "stroke": "rgb(155, 155, 155)",
            "strokeLinejoin": "round",
            "strokeLinecap": "round",
            "strokeMiterlimit": "4",
            "strokeWidth": 102.4
          },
          {
            "fill": "none",
            "stroke": "rgb(155, 155, 155)",
            "strokeLinejoin": "round",
            "strokeLinecap": "round",
            "strokeMiterlimit": "4",
            "strokeWidth": 102.4
          }
        ],
        "isMulticolor": false,
        "isMulticolor2": false,
        "grid": 16,
        "tags": [
          "Basket"
        ]
      },
      "attrs": [
        {
          "fill": "none",
          "stroke": "rgb(155, 155, 155)",
          "strokeLinejoin": "round",
          "strokeLinecap": "round",
          "strokeMiterlimit": "4",
          "strokeWidth": 102.4
        },
        {
          "fill": "none",
          "stroke": "rgb(155, 155, 155)",
          "strokeLinejoin": "round",
          "strokeLinecap": "round",
          "strokeMiterlimit": "4",
          "strokeWidth": 102.4
        },
        {
          "fill": "none",
          "stroke": "rgb(155, 155, 155)",
          "strokeLinejoin": "round",
          "strokeLinecap": "round",
          "strokeMiterlimit": "4",
          "strokeWidth": 102.4
        }
      ],
      "properties": {
        "order": 4,
        "id": 496,
        "name": "Basket",
        "prevSize": 32
      },
      "setIdx": 0,
      "setId": 1,
      "iconIdx": 6
    },
    {
      "icon": {
        "paths": [
          "M780.27 0c84.173 0 154.877 28.385 212.113 85.154s85.853 126.061 85.853 207.876c0 40.073-8.415 80.562-25.251 121.47s-35.352 77.223-55.555 108.947c-20.203 31.724-54.29 72.631-102.267 122.722-47.977 50.092-88.377 90.582-121.205 121.47s-85.438 78.059-157.822 141.505l-78.279 70.126-78.279-67.62c-70.704-65.12-122.89-113.122-156.559-144.011s-74.492-71.379-122.47-121.47c-47.977-50.090-82.067-90.997-102.268-122.722s-38.298-68.039-54.291-108.947c-15.993-40.908-23.989-81.397-23.989-121.47 0-81.815 28.618-151.106 85.855-207.876s127.099-85.154 209.587-85.154c97.639 0 178.443 37.568 242.414 112.704 63.97-75.136 144.773-112.704 242.415-112.704zM542.906 831.506c82.487-73.469 142.668-128.151 180.55-164.051 37.876-35.894 79.541-78.891 124.994-128.981 45.448-50.091 77.017-93.92 94.69-131.488 17.679-37.568 26.516-75.553 26.516-113.956 0-53.43-18.101-97.676-54.29-132.74-36.195-35.064-81.227-52.595-135.096-52.595-40.406 0-78.703 11.688-114.893 35.064-36.195 23.376-61.868 53.43-77.019 90.163h-101.006c-13.467-36.733-38.298-66.788-74.492-90.163s-75.333-35.064-117.419-35.064c-53.87 0-98.48 17.531-133.833 52.595s-53.028 79.31-53.028 132.74c0 38.403 8.417 76.389 25.251 113.956s48.398 81.397 94.693 131.488c46.294 50.090 88.38 93.087 126.257 128.981 37.877 35.9 97.218 90.582 178.022 164.051l5.051 5.006 5.050-5.006z"
        ],
        "attrs": [
          {
            "fill": "rgb(155, 155, 155)"
          }
        ],
        "width": 1144,
        "isMulticolor": false,
        "isMulticolor2": false,
        "grid": 16,
        "tags": [
          "heart"
        ],
        "colorPermutations": {
          "155155155118118118112002002001228228228125513313312552552551": [
            {
              "f": 0
            }
          ]
        }
      },
      "attrs": [
        {
          "fill": "rgb(155, 155, 155)"
        }
      ],
      "properties": {
        "order": 5,
        "id": 495,
        "name": "heart",
        "prevSize": 32
      },
      "setIdx": 0,
      "setId": 1,
      "iconIdx": 7
    },
    {
      "icon": {
        "paths": [
          "M0 512c0-277.555 234.445-512 512-512s512 234.445 512 512c0 163.328-81.51 311.194-204.8 405.709v3.891h-5.222c-85.402 63.744-190.003 102.4-301.978 102.4s-216.576-38.656-301.978-102.4h-5.222v-3.891c-123.29-94.515-204.8-242.432-204.8-405.709zM364.721 780.083c-27.234 21.908-46.188 52.452-53.733 86.579 59.802 34.662 128.512 54.938 201.011 54.938s141.21-20.275 201.011-54.938c-7.555-34.128-26.51-64.66-53.743-86.568s-61.116-33.889-96.068-33.957h-102.4c-34.954 0.063-68.844 12.032-96.079 33.946zM704.91 686.677c41.984 27.944 74.792 67.647 94.322 114.142 75.11-74.701 122.368-177.408 122.368-288.819 0-222.054-187.546-409.6-409.6-409.6s-409.6 187.546-409.6 409.6c0 111.411 47.258 214.118 122.368 288.819 19.53-46.495 52.34-86.198 94.324-114.142 41.984-27.938 91.277-42.877 141.708-42.94h102.4c50.432 0.063 99.726 15.002 141.71 42.94zM307.201 409.6c0-116.736 88.064-204.8 204.8-204.8s204.799 88.064 204.799 204.8c0 116.736-88.064 204.8-204.799 204.8s-204.8-88.064-204.8-204.8zM409.601 409.6c0 60.314 42.086 102.4 102.4 102.4s102.399-42.086 102.399-102.4c0-60.314-42.086-102.4-102.399-102.4s-102.4 42.086-102.4 102.4z"
        ],
        "attrs": [
          {
            "fill": "rgb(155, 155, 155)"
          }
        ],
        "isMulticolor": false,
        "isMulticolor2": false,
        "grid": 16,
        "tags": [
          "lk"
        ],
        "colorPermutations": {
          "155155155118118118112002002001228228228125513313312552552551": [
            {
              "f": 0
            }
          ]
        }
      },
      "attrs": [
        {
          "fill": "rgb(155, 155, 155)"
        }
      ],
      "properties": {
        "order": 6,
        "id": 494,
        "name": "lk",
        "prevSize": 32
      },
      "setIdx": 0,
      "setId": 1,
      "iconIdx": 8
    }
  ],
  "height": 1024,
  "preferences": {
    "showGlyphs": true,
    "showQuickUse": true,
    "showQuickUse2": true,
    "showSVGs": true,
    "fontPref": {
      "prefix": "icon-",
      "metadata": {
        "fontFamily": "icomoon"
      },
      "metrics": {
        "emSize": 1024,
        "baseline": 6.25,
        "whitespace": 50
      },
      "embed": false
    },
    "imagePref": {
      "prefix": "icon-",
      "png": true,
      "useClassSelector": true,
      "color": 0,
      "bgColor": 16777215,
      "classSelector": ".icon",
      "name": "icomoon"
    },
    "historySize": 50,
    "showCodes": true,
    "gridSize": 16
  }
}